{
  "generated_at": "2025-11-10T21:15:05.488603+00:00",
  "performance": {
    "sample_size": 100,
    "p50_ms": 0.597400008700788,
    "p95_ms": 0.7369201397523284,
    "p99_ms": 0.7988249137997627
  }
}